--autounmask-backtrack_y_dev-libs_aub0c_dev-libs_aub0b_dev-libs_aub0a	case	1	1
--autounmask-backtrack_y_dev-libs_aub0c_dev-libs_aub0a_dev-libs_aub0b	case	1	1
--autounmask-backtrack_y_dev-libs_aub0b_dev-libs_aub0c_dev-libs_aub0a	case	1	1
--autounmask-backtrack_y_dev-libs_aub0b_dev-libs_aub0a_dev-libs_aub0c	case	1	1
--autounmask-backtrack_y_dev-libs_aub0a_dev-libs_aub0c_dev-libs_aub0b	case	1	1
--autounmask-backtrack_y_dev-libs_aub0a_dev-libs_aub0b_dev-libs_aub0c	case	1	1
--autounmask-backtrack_n_dev-libs_aub0c_dev-libs_aub0b_dev-libs_aub0a	case	1	1
--autounmask-backtrack_n_dev-libs_aub0c_dev-libs_aub0a_dev-libs_aub0b	case	1	1
--autounmask-backtrack_n_dev-libs_aub0b_dev-libs_aub0c_dev-libs_aub0a	case	1	1
--autounmask-backtrack_n_dev-libs_aub0b_dev-libs_aub0a_dev-libs_aub0c	case	1	1
--autounmask-backtrack_n_dev-libs_aub0a_dev-libs_aub0c_dev-libs_aub0b	case	1	1
--autounmask-backtrack_n_dev-libs_aub0a_dev-libs_aub0b_dev-libs_aub0c	case	1	1
dev-libs_abort-masked-mid	case	1	1
dev-libs_abort-masked-last	case	1	1
dev-libs_abort-unsat-mid	case	1	1
dev-libs_abort-unsat-last	case	1	1
dev-libs_abort-cycle-mid	case	1	1
dev-libs_abort-cycle-last	case	1	1
dev-libs_abort-au-cycle	case	1	1
dev-libs_abort-au-restart-cycle	case	1	1
dev-libs_abort-au-plain	case	1	1
dev-libs_abort-masked-cycle	case	1	1
dev-libs_does-not-exist_dev-libs_newpkg	case	1	1
dev-libs_newpkg_dev-libs_does-not-exist	case	1	1
dev-libs_useflagpkg_-foo_	case	1	1
--autounmask-use_n_dev-libs_useflagpkg_-foo_	case	1	1
--backtrack_0_dev-libs_aus0l_dev-libs_aus0m	case	1	1
_dev-libs_mia0a-1	case	1	1
_dev-libs_mia0a-2	case	1	1
--autounmask_n__dev-libs_odc0a-1	case	1	1
--autounmask_n__dev-libs_odc0a-2	case	1	1
